id,identifier,species_id,height,weight,base_experience,order,is_default
1,bulbasaur,1,7,69,64,1,1
2,ivysaur,2,10,130,142,2,1
3,venusaur,3,20,1000,236,3,1
10033,venusaur-mega,3,24,1555,281,4,0
10158,venusaur-gigantamax,3,240,-1,236,5,0
4,charmander,4,6,85,62,6,1
5,charmeleon,5,11,190,142,7,1
6,charizard,6,17,905,240,8,1
10034,charizard-mega-x,6,17,1105,285,9,0
10035,charizard-mega-y,6,17,1005,285,10,0
10159,charizard-gigantamax,6,280,-1,240,11,0
7,squirtle,7,5,90,63,12,1
8,wartortle,8,10,225,142,13,1
9,blastoise,9,16,855,239,14,1
10036,blastoise-mega,9,16,1011,284,15,0
10160,blastoise-gigantamax,9,250,-1,239,16,0
10,caterpie,10,3,29,39,17,1
11,metapod,11,7,99,72,18,1
12,butterfree,12,11,320,178,19,1
10161,butterfree-gigantamax,12,170,-1,178,20,0
13,weedle,13,3,32,39,21,1
14,kakuna,14,6,100,72,22,1
15,beedrill,15,10,295,178,23,1
10090,beedrill-mega,15,14,405,223,24,0
16,pidgey,16,3,18,50,25,1
17,pidgeotto,17,11,300,122,26,1
18,pidgeot,18,15,395,216,27,1
10073,pidgeot-mega,18,22,505,261,28,0
19,rattata,19,3,35,51,29,1
10091,rattata-alola,19,3,38,51,30,0
20,raticate,20,7,185,145,31,1
10092,raticate-alola,20,7,255,145,32,0
10093,raticate-totem-alola,20,14,1050,145,33,0
21,spearow,21,3,20,52,34,1
22,fearow,22,12,380,155,35,1
23,ekans,23,20,69,58,36,1
24,arbok,24,35,650,157,37,1
25,pikachu,25,4,60,112,38,1
10080,pikachu-rock-star,25,4,60,112,39,0
10081,pikachu-belle,25,4,60,112,40,0
10082,pikachu-pop-star,25,4,60,112,41,0
10083,pikachu-phd,25,4,60,112,42,0
10084,pikachu-libre,25,4,60,112,43,0
10085,pikachu-cosplay,25,4,60,112,44,0
10094,pikachu-original-cap,25,4,60,112,45,0
10095,pikachu-hoenn-cap,25,4,60,112,46,0
10096,pikachu-sinnoh-cap,25,4,60,112,47,0
10097,pikachu-unova-cap,25,4,60,112,48,0
10098,pikachu-kalos-cap,25,4,60,112,49,0
10099,pikachu-alola-cap,25,4,60,112,50,0
10148,pikachu-partner-cap,25,4,60,112,51,0
10162,pikachu-gigantamax,25,210,-1,112,52,0
26,raichu,26,8,300,218,53,1
10100,raichu-alola,26,7,210,218,54,0
27,sandshrew,27,6,120,60,55,1
10101,sandshrew-alola,27,7,400,60,56,0
28,sandslash,28,10,295,158,57,1
10102,sandslash-alola,28,12,550,158,58,0
29,nidoran-f,29,4,70,55,59,1
30,nidorina,30,8,200,128,60,1
31,nidoqueen,31,13,600,227,61,1
32,nidoran-m,32,5,90,55,62,1
33,nidorino,33,9,195,128,63,1
34,nidoking,34,14,620,227,64,1
35,clefairy,35,6,75,113,65,1
36,clefable,36,13,400,217,66,1
37,vulpix,37,6,99,60,67,1
10103,vulpix-alola,37,6,99,60,68,0
38,ninetales,38,11,199,177,69,1
10104,ninetales-alola,38,11,199,177,70,0
39,jigglypuff,39,5,55,95,71,1
40,wigglytuff,40,10,120,196,72,1
41,zubat,41,8,75,49,73,1
42,golbat,42,16,550,159,74,1
43,oddish,43,5,54,64,75,1
44,gloom,44,8,86,138,76,1
45,vileplume,45,12,186,221,77,1
46,paras,46,3,54,57,78,1
47,parasect,47,10,295,142,79,1
48,venonat,48,10,300,61,80,1
49,venomoth,49,15,125,158,81,1
50,diglett,50,2,8,53,82,1
10105,diglett-alola,50,2,10,53,83,0
51,dugtrio,51,7,333,149,84,1
10106,dugtrio-alola,51,7,666,149,85,0
52,meowth,52,4,42,58,86,1
10107,meowth-alola,52,4,42,58,87,0
10163,meowth-gigantamax,52,330,-1,58,88,0
10192,meowth-galarian,52,4,75,58,89,0
53,persian,53,10,320,154,90,1
10108,persian-alola,53,11,330,154,91,0
54,psyduck,54,8,196,64,92,1
55,golduck,55,17,766,175,93,1
56,mankey,56,5,280,61,94,1
57,primeape,57,10,320,159,95,1
58,growlithe,58,7,190,70,96,1
59,arcanine,59,19,1550,194,97,1
60,poliwag,60,6,124,60,98,1
61,poliwhirl,61,10,200,135,99,1
62,poliwrath,62,13,540,230,100,1
63,abra,63,9,195,62,101,1
64,kadabra,64,13,565,140,102,1
65,alakazam,65,15,480,225,103,1
10037,alakazam-mega,65,12,480,270,104,0
66,machop,66,8,195,61,105,1
67,machoke,67,15,705,142,106,1
68,machamp,68,16,1300,227,107,1
10164,machamp-gigantamax,68,250,-1,227,108,0
69,bellsprout,69,7,40,60,109,1
70,weepinbell,70,10,64,137,110,1
71,victreebel,71,17,155,221,111,1
72,tentacool,72,9,455,67,112,1
73,tentacruel,73,16,550,180,113,1
74,geodude,74,4,200,60,114,1
10109,geodude-alola,74,4,203,60,115,0
75,graveler,75,10,1050,137,116,1
10110,graveler-alola,75,10,1100,137,117,0
76,golem,76,14,3000,223,118,1
10111,golem-alola,76,17,3160,223,119,0
77,ponyta,77,10,300,82,120,1
10193,ponyta-galarian,77,8,240,82,121,0
78,rapidash,78,17,950,175,122,1
10194,rapidash-galarian,78,17,800,175,123,0
79,slowpoke,79,12,360,63,124,1
10195,slowpoke-galarian,79,12,360,63,125,0
80,slowbro,80,16,785,172,126,1
10071,slowbro-mega,80,20,1200,207,127,0
10196,slowbro-galarian,80,16,705,172,128,0
81,magnemite,81,3,60,65,129,1
82,magneton,82,10,600,163,130,1
83,farfetchd,83,8,150,132,131,1
10197,farfetchd-galarian,83,8,926,132,132,0
84,doduo,84,14,392,62,133,1
85,dodrio,85,18,852,165,134,1
86,seel,86,11,900,65,135,1
87,dewgong,87,17,1200,166,136,1
88,grimer,88,9,300,65,137,1
10112,grimer-alola,88,7,420,65,138,0
89,muk,89,12,300,175,139,1
10113,muk-alola,89,10,520,175,140,0
90,shellder,90,3,40,61,141,1
91,cloyster,91,15,1325,184,142,1
92,gastly,92,13,1,62,143,1
93,haunter,93,16,1,142,144,1
94,gengar,94,15,405,225,145,1
10038,gengar-mega,94,14,405,270,146,0
10165,gengar-gigantamax,94,200,-1,225,147,0
95,onix,95,88,2100,77,148,1
96,drowzee,96,10,324,66,149,1
97,hypno,97,16,756,169,150,1
98,krabby,98,4,65,65,151,1
99,kingler,99,13,600,166,152,1
10166,kingler-gigantamax,99,190,-1,166,153,0
100,voltorb,100,5,104,66,154,1
101,electrode,101,12,666,172,155,1
102,exeggcute,102,4,25,65,156,1
103,exeggutor,103,20,1200,186,157,1
10114,exeggutor-alola,103,109,4156,186,158,0
104,cubone,104,4,65,64,159,1
105,marowak,105,10,450,149,160,1
10115,marowak-alola,105,10,340,149,161,0
10149,marowak-totem,105,17,980,149,162,0
106,hitmonlee,106,15,498,159,163,1
107,hitmonchan,107,14,502,159,164,1
108,lickitung,108,12,655,77,165,1
109,koffing,109,6,10,68,166,1
110,weezing,110,12,95,172,167,1
10198,weezing-galarian,110,30,160,172,168,0
111,rhyhorn,111,10,1150,69,169,1
112,rhydon,112,19,1200,170,170,1
113,chansey,113,11,346,395,171,1
114,tangela,114,10,350,87,172,1
115,kangaskhan,115,22,800,172,173,1
10039,kangaskhan-mega,115,22,1000,207,174,0
116,horsea,116,4,80,59,175,1
117,seadra,117,12,250,154,176,1
118,goldeen,118,6,150,64,177,1
119,seaking,119,13,390,158,178,1
120,staryu,120,8,345,68,179,1
121,starmie,121,11,800,182,180,1
122,mr-mime,122,13,545,161,181,1
10199,mr-mime-galarian,122,14,568,161,182,0
123,scyther,123,15,560,100,183,1
124,jynx,124,14,406,159,184,1
125,electabuzz,125,11,300,172,185,1
126,magmar,126,13,445,173,186,1
127,pinsir,127,15,550,175,187,1
10040,pinsir-mega,127,17,590,210,188,0
128,tauros,128,14,884,172,189,1
129,magikarp,129,9,100,40,190,1
130,gyarados,130,65,2350,189,191,1
10041,gyarados-mega,130,65,3050,224,192,0
131,lapras,131,25,2200,187,193,1
10167,lapras-gigantamax,131,240,-1,187,194,0
132,ditto,132,3,40,101,195,1
133,eevee,133,3,65,65,196,1
10168,eevee-gigantamax,133,180,-1,65,197,0
134,vaporeon,134,10,290,184,198,1
135,jolteon,135,8,245,184,199,1
136,flareon,136,9,250,184,200,1
137,porygon,137,8,365,79,201,1
138,omanyte,138,4,75,71,202,1
139,omastar,139,10,350,173,203,1
140,kabuto,140,5,115,71,204,1
141,kabutops,141,13,405,173,205,1
142,aerodactyl,142,18,590,180,206,1
10042,aerodactyl-mega,142,21,790,215,207,0
143,snorlax,143,21,4600,189,208,1
10169,snorlax-gigantamax,143,350,-1,189,209,0
144,articuno,144,17,554,261,210,1
10200,articuno-galarian,144,17,509,261,211,0
145,zapdos,145,16,526,261,212,1
10201,zapdos-galarian,145,16,582,261,213,0
146,moltres,146,20,600,261,214,1
10202,moltres-galarian,146,20,660,261,215,0
147,dratini,147,18,33,60,216,1
148,dragonair,148,40,165,147,217,1
149,dragonite,149,22,2100,270,218,1
150,mewtwo,150,20,1220,306,219,1
10043,mewtwo-mega-x,150,23,1270,351,220,0
10044,mewtwo-mega-y,150,15,330,351,221,0
151,mew,151,4,40,270,222,1
152,chikorita,152,9,64,64,223,1
153,bayleef,153,12,158,142,224,1
154,meganium,154,18,1005,236,225,1
155,cyndaquil,155,5,79,62,226,1
156,quilava,156,9,190,142,227,1
157,typhlosion,157,17,795,240,228,1
158,totodile,158,6,95,63,229,1
159,croconaw,159,11,250,142,230,1
160,feraligatr,160,23,888,239,231,1
161,sentret,161,8,60,43,232,1
162,furret,162,18,325,145,233,1
163,hoothoot,163,7,212,52,234,1
164,noctowl,164,16,408,158,235,1
165,ledyba,165,10,108,53,236,1
166,ledian,166,14,356,137,237,1
167,spinarak,167,5,85,50,238,1
168,ariados,168,11,335,140,239,1
169,crobat,169,18,750,241,240,1
170,chinchou,170,5,120,66,241,1
171,lanturn,171,12,225,161,242,1
172,pichu,172,3,20,41,243,1
173,cleffa,173,3,30,44,244,1
174,igglybuff,174,3,10,42,245,1
175,togepi,175,3,15,49,246,1
176,togetic,176,6,32,142,247,1
177,natu,177,2,20,64,248,1
178,xatu,178,15,150,165,249,1
179,mareep,179,6,78,56,250,1
180,flaaffy,180,8,133,128,251,1
181,ampharos,181,14,615,230,252,1
10045,ampharos-mega,181,14,615,275,253,0
182,bellossom,182,4,58,221,254,1
183,marill,183,4,85,88,255,1
184,azumarill,184,8,285,189,256,1
185,sudowoodo,185,12,380,144,257,1
186,politoed,186,11,339,225,258,1
187,hoppip,187,4,5,50,259,1
188,skiploom,188,6,10,119,260,1
189,jumpluff,189,8,30,207,261,1
190,aipom,190,8,115,72,262,1
191,sunkern,191,3,18,36,263,1
192,sunflora,192,8,85,149,264,1
193,yanma,193,12,380,78,265,1
194,wooper,194,4,85,42,266,1
195,quagsire,195,14,750,151,267,1
196,espeon,196,9,265,184,268,1
197,umbreon,197,10,270,184,269,1
198,murkrow,198,5,21,81,270,1
199,slowking,199,20,795,172,271,1
200,misdreavus,200,7,10,87,272,1
201,unown,201,5,50,118,273,1
202,wobbuffet,202,13,285,142,274,1
203,girafarig,203,15,415,159,275,1
204,pineco,204,6,72,58,276,1
205,forretress,205,12,1258,163,277,1
206,dunsparce,206,15,140,145,278,1
207,gligar,207,11,648,86,279,1
208,steelix,208,92,4000,179,280,1
10072,steelix-mega,208,105,7400,214,281,0
209,snubbull,209,6,78,60,282,1
210,granbull,210,14,487,158,283,1
211,qwilfish,211,5,39,88,284,1
212,scizor,212,18,1180,175,285,1
10046,scizor-mega,212,20,1250,210,286,0
213,shuckle,213,6,205,177,287,1
214,heracross,214,15,540,175,288,1
10047,heracross-mega,214,17,625,210,289,0
215,sneasel,215,9,280,86,290,1
216,teddiursa,216,6,88,66,291,1
217,ursaring,217,18,1258,175,292,1
218,slugma,218,7,350,50,293,1
219,magcargo,219,8,550,151,294,1
220,swinub,220,4,65,50,295,1
221,piloswine,221,11,558,158,296,1
222,corsola,222,6,50,144,297,1
10203,corsola-galarian,222,6,5,144,298,0
223,remoraid,223,6,120,60,299,1
224,octillery,224,9,285,168,300,1
225,delibird,225,9,160,116,301,1
226,mantine,226,21,2200,170,302,1
227,skarmory,227,17,505,163,303,1
228,houndour,228,6,108,66,304,1
229,houndoom,229,14,350,175,305,1
10048,houndoom-mega,229,19,495,210,306,0
230,kingdra,230,18,1520,243,307,1
231,phanpy,231,5,335,66,308,1
232,donphan,232,11,1200,175,309,1
233,porygon2,233,6,325,180,310,1
234,stantler,234,14,712,163,311,1
235,smeargle,235,12,580,88,312,1
236,tyrogue,236,7,210,42,313,1
237,hitmontop,237,14,480,159,314,1
238,smoochum,238,4,60,61,315,1
239,elekid,239,6,235,72,316,1
240,magby,240,7,214,73,317,1
241,miltank,241,12,755,172,318,1
242,blissey,242,15,468,608,319,1
243,raikou,243,19,1780,261,320,1
244,entei,244,21,1980,261,321,1
245,suicune,245,20,1870,261,322,1
246,larvitar,246,6,720,60,323,1
247,pupitar,247,12,1520,144,324,1
248,tyranitar,248,20,2020,270,325,1
10049,tyranitar-mega,248,25,2550,315,326,0
249,lugia,249,52,2160,306,327,1
250,ho-oh,250,38,1990,306,328,1
251,celebi,251,6,50,270,329,1
252,treecko,252,5,50,62,330,1
253,grovyle,253,9,216,142,331,1
254,sceptile,254,17,522,239,332,1
10065,sceptile-mega,254,19,552,284,333,0
255,torchic,255,4,25,62,334,1
256,combusken,256,9,195,142,335,1
257,blaziken,257,19,520,239,336,1
10050,blaziken-mega,257,19,520,284,337,0
258,mudkip,258,4,76,62,338,1
259,marshtomp,259,7,280,142,339,1
260,swampert,260,15,819,241,340,1
10064,swampert-mega,260,19,1020,286,341,0
261,poochyena,261,5,136,56,342,1
262,mightyena,262,10,370,147,343,1
263,zigzagoon,263,4,175,56,344,1
10204,zigzagoon-galarian,263,4,175,56,345,0
264,linoone,264,5,325,147,346,1
10205,linoone-galarian,264,5,325,147,347,0
265,wurmple,265,3,36,56,348,1
266,silcoon,266,6,100,72,349,1
267,beautifly,267,10,284,178,350,1
268,cascoon,268,7,115,72,351,1
269,dustox,269,12,316,173,352,1
270,lotad,270,5,26,44,353,1
271,lombre,271,12,325,119,354,1
272,ludicolo,272,15,550,216,355,1
273,seedot,273,5,40,44,356,1
274,nuzleaf,274,10,280,119,357,1
275,shiftry,275,13,596,216,358,1
276,taillow,276,3,23,54,359,1
277,swellow,277,7,198,159,360,1
278,wingull,278,6,95,54,361,1
279,pelipper,279,12,280,154,362,1
280,ralts,280,4,66,40,363,1
281,kirlia,281,8,202,97,364,1
282,gardevoir,282,16,484,233,365,1
10051,gardevoir-mega,282,16,484,278,366,0
283,surskit,283,5,17,54,367,1
284,masquerain,284,8,36,159,368,1
285,shroomish,285,4,45,59,369,1
286,breloom,286,12,392,161,370,1
287,slakoth,287,8,240,56,371,1
288,vigoroth,288,14,465,154,372,1
289,slaking,289,20,1305,252,373,1
290,nincada,290,5,55,53,374,1
291,ninjask,291,8,120,160,375,1
292,shedinja,292,8,12,83,376,1
293,whismur,293,6,163,48,377,1
294,loudred,294,10,405,126,378,1
295,exploud,295,15,840,221,379,1
296,makuhita,296,10,864,47,380,1
297,hariyama,297,23,2538,166,381,1
298,azurill,298,2,20,38,382,1
299,nosepass,299,10,970,75,383,1
300,skitty,300,6,110,52,384,1
301,delcatty,301,11,326,140,385,1
302,sableye,302,5,110,133,386,1
10066,sableye-mega,302,5,1610,168,387,0
303,mawile,303,6,115,133,388,1
10052,mawile-mega,303,10,235,168,389,0
304,aron,304,4,600,66,390,1
305,lairon,305,9,1200,151,391,1
306,aggron,306,21,3600,239,392,1
10053,aggron-mega,306,22,3950,284,393,0
307,meditite,307,6,112,56,394,1
308,medicham,308,13,315,144,395,1
10054,medicham-mega,308,13,315,179,396,0
309,electrike,309,6,152,59,397,1
310,manectric,310,15,402,166,398,1
10055,manectric-mega,310,18,440,201,399,0
311,plusle,311,4,42,142,400,1
312,minun,312,4,42,142,401,1
313,volbeat,313,7,177,151,402,1
314,illumise,314,6,177,151,403,1
315,roselia,315,3,20,140,404,1
316,gulpin,316,4,103,60,405,1
317,swalot,317,17,800,163,406,1
318,carvanha,318,8,208,61,407,1
319,sharpedo,319,18,888,161,408,1
10070,sharpedo-mega,319,25,1303,196,409,0
320,wailmer,320,20,1300,80,410,1
321,wailord,321,145,3980,175,411,1
322,numel,322,7,240,61,412,1
323,camerupt,323,19,2200,161,413,1
10087,camerupt-mega,323,25,3205,196,414,0
324,torkoal,324,5,804,165,415,1
325,spoink,325,7,306,66,416,1
326,grumpig,326,9,715,165,417,1
327,spinda,327,11,50,126,418,1
328,trapinch,328,7,150,58,419,1
329,vibrava,329,11,153,119,420,1
330,flygon,330,20,820,234,421,1
331,cacnea,331,4,513,67,422,1
332,cacturne,332,13,774,166,423,1
333,swablu,333,4,12,62,424,1
334,altaria,334,11,206,172,425,1
10067,altaria-mega,334,15,206,207,426,0
335,zangoose,335,13,403,160,427,1
336,seviper,336,27,525,160,428,1
337,lunatone,337,10,1680,161,429,1
338,solrock,338,12,1540,161,430,1
339,barboach,339,4,19,58,431,1
340,whiscash,340,9,236,164,432,1
341,corphish,341,6,115,62,433,1
342,crawdaunt,342,11,328,164,434,1
343,baltoy,343,5,215,60,435,1
344,claydol,344,15,1080,175,436,1
345,lileep,345,10,238,71,437,1
346,cradily,346,15,604,173,438,1
347,anorith,347,7,125,71,439,1
348,armaldo,348,15,682,173,440,1
349,feebas,349,6,74,40,441,1
350,milotic,350,62,1620,189,442,1
351,castform,351,3,8,147,443,1
10013,castform-sunny,351,3,8,147,444,0
10014,castform-rainy,351,3,8,147,445,0
10015,castform-snowy,351,3,8,147,446,0
352,kecleon,352,10,220,154,447,1
353,shuppet,353,6,23,59,448,1
354,banette,354,11,125,159,449,1
10056,banette-mega,354,12,130,194,450,0
355,duskull,355,8,150,59,451,1
356,dusclops,356,16,306,159,452,1
357,tropius,357,20,1000,161,453,1
358,chimecho,358,6,10,159,454,1
359,absol,359,12,470,163,455,1
10057,absol-mega,359,12,490,198,456,0
360,wynaut,360,6,140,52,457,1
361,snorunt,361,7,168,60,458,1
362,glalie,362,15,2565,168,459,1
10074,glalie-mega,362,21,3502,203,460,0
363,spheal,363,8,395,58,461,1
364,sealeo,364,11,876,144,462,1
365,walrein,365,14,1506,239,463,1
366,clamperl,366,4,525,69,464,1
367,huntail,367,17,270,170,465,1
368,gorebyss,368,18,226,170,466,1
369,relicanth,369,10,234,170,467,1
370,luvdisc,370,6,87,116,468,1
371,bagon,371,6,421,60,469,1
372,shelgon,372,11,1105,147,470,1
373,salamence,373,15,1026,270,471,1
10089,salamence-mega,373,18,1126,315,472,0
374,beldum,374,6,952,60,473,1
375,metang,375,12,2025,147,474,1
376,metagross,376,16,5500,270,475,1
10076,metagross-mega,376,25,9429,315,476,0
377,regirock,377,17,2300,261,477,1
378,regice,378,18,1750,261,478,1
379,registeel,379,19,2050,261,479,1
380,latias,380,14,400,270,480,1
10062,latias-mega,380,18,520,315,481,0
381,latios,381,20,600,270,482,1
10063,latios-mega,381,23,700,315,483,0
382,kyogre,382,45,3520,302,484,1
10077,kyogre-primal,382,98,4300,347,485,0
383,groudon,383,35,9500,302,486,1
10078,groudon-primal,383,50,9997,347,487,0
384,rayquaza,384,70,2065,306,488,1
10079,rayquaza-mega,384,108,3920,351,489,0
385,jirachi,385,3,11,270,490,1
386,deoxys-normal,386,17,608,270,491,1
10001,deoxys-attack,386,17,608,270,492,0
10002,deoxys-defense,386,17,608,270,493,0
10003,deoxys-speed,386,17,608,270,494,0
387,turtwig,387,4,102,64,495,1
388,grotle,388,11,970,142,496,1
389,torterra,389,22,3100,236,497,1
390,chimchar,390,5,62,62,498,1
391,monferno,391,9,220,142,499,1
392,infernape,392,12,550,240,500,1
393,piplup,393,4,52,63,501,1
394,prinplup,394,8,230,142,502,1
395,empoleon,395,17,845,239,503,1
396,starly,396,3,20,49,504,1
397,staravia,397,6,155,119,505,1
398,staraptor,398,12,249,218,506,1
399,bidoof,399,5,200,50,507,1
400,bibarel,400,10,315,144,508,1
401,kricketot,401,3,22,39,509,1
402,kricketune,402,10,255,134,510,1
403,shinx,403,5,95,53,511,1
404,luxio,404,9,305,127,512,1
405,luxray,405,14,420,235,513,1
406,budew,406,2,12,56,514,1
407,roserade,407,9,145,232,515,1
408,cranidos,408,9,315,70,516,1
409,rampardos,409,16,1025,173,517,1
410,shieldon,410,5,570,70,518,1
411,bastiodon,411,13,1495,173,519,1
412,burmy,412,2,34,45,520,1
413,wormadam-plant,413,5,65,148,521,1
10004,wormadam-sandy,413,5,65,148,522,0
10005,wormadam-trash,413,5,65,148,523,0
414,mothim,414,9,233,148,524,1
415,combee,415,3,55,49,525,1
416,vespiquen,416,12,385,166,526,1
417,pachirisu,417,4,39,142,527,1
418,buizel,418,7,295,66,528,1
419,floatzel,419,11,335,173,529,1
420,cherubi,420,4,33,55,530,1
421,cherrim,421,5,93,158,531,1
422,shellos,422,3,63,65,532,1
423,gastrodon,423,9,299,166,533,1
424,ambipom,424,12,203,169,534,1
425,drifloon,425,4,12,70,535,1
426,drifblim,426,12,150,174,536,1
427,buneary,427,4,55,70,537,1
428,lopunny,428,12,333,168,538,1
10088,lopunny-mega,428,13,283,203,539,0
429,mismagius,429,9,44,173,540,1
430,honchkrow,430,9,273,177,541,1
431,glameow,431,5,39,62,542,1
432,purugly,432,10,438,158,543,1
433,chingling,433,2,6,57,544,1
434,stunky,434,4,192,66,545,1
435,skuntank,435,10,380,168,546,1
436,bronzor,436,5,605,60,547,1
437,bronzong,437,13,1870,175,548,1
438,bonsly,438,5,150,58,549,1
439,mime-jr,439,6,130,62,550,1
440,happiny,440,6,244,110,551,1
441,chatot,441,5,19,144,552,1
442,spiritomb,442,10,1080,170,553,1
443,gible,443,7,205,60,554,1
444,gabite,444,14,560,144,555,1
445,garchomp,445,19,950,270,556,1
10058,garchomp-mega,445,19,950,315,557,0
446,munchlax,446,6,1050,78,558,1
447,riolu,447,7,202,57,559,1
448,lucario,448,12,540,184,560,1
10059,lucario-mega,448,13,575,219,561,0
449,hippopotas,449,8,495,66,562,1
450,hippowdon,450,20,3000,184,563,1
451,skorupi,451,8,120,66,564,1
452,drapion,452,13,615,175,565,1
453,croagunk,453,7,230,60,566,1
454,toxicroak,454,13,444,172,567,1
455,carnivine,455,14,270,159,568,1
456,finneon,456,4,70,66,569,1
457,lumineon,457,12,240,161,570,1
458,mantyke,458,10,650,69,571,1
459,snover,459,10,505,67,572,1
460,abomasnow,460,22,1355,173,573,1
10060,abomasnow-mega,460,27,1850,208,574,0
461,weavile,461,11,340,179,575,1
462,magnezone,462,12,1800,241,576,1
463,lickilicky,463,17,1400,180,577,1
464,rhyperior,464,24,2828,241,578,1
465,tangrowth,465,20,1286,187,579,1
466,electivire,466,18,1386,243,580,1
467,magmortar,467,16,680,243,581,1
468,togekiss,468,15,380,245,582,1
469,yanmega,469,19,515,180,583,1
470,leafeon,470,10,255,184,584,1
471,glaceon,471,8,259,184,585,1
472,gliscor,472,20,425,179,586,1
473,mamoswine,473,25,2910,239,587,1
474,porygon-z,474,9,340,241,588,1
475,gallade,475,16,520,233,589,1
10068,gallade-mega,475,16,564,278,590,0
476,probopass,476,14,3400,184,591,1
477,dusknoir,477,22,1066,236,592,1
478,froslass,478,13,266,168,593,1
479,rotom,479,3,3,154,594,1
10008,rotom-heat,479,3,3,182,595,0
10009,rotom-wash,479,3,3,182,596,0
10010,rotom-frost,479,3,3,182,597,0
10011,rotom-fan,479,3,3,182,598,0
10012,rotom-mow,479,3,3,182,599,0
480,uxie,480,3,3,261,600,1
481,mesprit,481,3,3,261,601,1
482,azelf,482,3,3,261,602,1
483,dialga,483,54,6830,306,603,1
484,palkia,484,42,3360,306,604,1
485,heatran,485,17,4300,270,605,1
486,regigigas,486,37,4200,302,606,1
487,giratina-altered,487,45,7500,306,607,1
10007,giratina-origin,487,69,6500,306,608,0
488,cresselia,488,15,856,270,609,1
489,phione,489,4,31,216,610,1
490,manaphy,490,3,14,270,611,1
491,darkrai,491,15,505,270,612,1
492,shaymin-land,492,2,21,270,613,1
10006,shaymin-sky,492,4,52,270,614,0
493,arceus,493,32,3200,324,615,1
494,victini,494,4,40,270,616,1
495,snivy,495,6,81,62,617,1
496,servine,496,8,160,145,618,1
497,serperior,497,33,630,238,619,1
498,tepig,498,5,99,62,620,1
499,pignite,499,10,555,146,621,1
500,emboar,500,16,1500,238,622,1
501,oshawott,501,5,59,62,623,1
502,dewott,502,8,245,145,624,1
503,samurott,503,15,946,238,625,1
504,patrat,504,5,116,51,626,1
505,watchog,505,11,270,147,627,1
506,lillipup,506,4,41,55,628,1
507,herdier,507,9,147,130,629,1
508,stoutland,508,12,610,225,630,1
509,purrloin,509,4,101,56,631,1
510,liepard,510,11,375,156,632,1
511,pansage,511,6,105,63,633,1
512,simisage,512,11,305,174,634,1
513,pansear,513,6,110,63,635,1
514,simisear,514,10,280,174,636,1
515,panpour,515,6,135,63,637,1
516,simipour,516,10,290,174,638,1
517,munna,517,6,233,58,639,1
518,musharna,518,11,605,170,640,1
519,pidove,519,3,21,53,641,1
520,tranquill,520,6,150,125,642,1
521,unfezant,521,12,290,220,643,1
522,blitzle,522,8,298,59,644,1
523,zebstrika,523,16,795,174,645,1
524,roggenrola,524,4,180,56,646,1
525,boldore,525,9,1020,137,647,1
526,gigalith,526,17,2600,232,648,1
527,woobat,527,4,21,65,649,1
528,swoobat,528,9,105,149,650,1
529,drilbur,529,3,85,66,651,1
530,excadrill,530,7,404,178,652,1
531,audino,531,11,310,390,653,1
10069,audino-mega,531,15,320,425,654,0
532,timburr,532,6,125,61,655,1
533,gurdurr,533,12,400,142,656,1
534,conkeldurr,534,14,870,227,657,1
535,tympole,535,5,45,59,658,1
536,palpitoad,536,8,170,134,659,1
537,seismitoad,537,15,620,229,660,1
538,throh,538,13,555,163,661,1
539,sawk,539,14,510,163,662,1
540,sewaddle,540,3,25,62,663,1
541,swadloon,541,5,73,133,664,1
542,leavanny,542,12,205,225,665,1
543,venipede,543,4,53,52,666,1
544,whirlipede,544,12,585,126,667,1
545,scolipede,545,25,2005,218,668,1
546,cottonee,546,3,6,56,669,1
547,whimsicott,547,7,66,168,670,1
548,petilil,548,5,66,56,671,1
549,lilligant,549,11,163,168,672,1
550,basculin-red-striped,550,10,180,161,673,1
10016,basculin-blue-striped,550,10,180,161,674,0
551,sandile,551,7,152,58,675,1
552,krokorok,552,10,334,123,676,1
553,krookodile,553,15,963,234,677,1
554,darumaka,554,6,375,63,678,1
10206,darumaka-galarian,554,7,400,63,679,0
555,darmanitan-standard,555,13,929,168,680,1
10017,darmanitan-zen,555,13,929,189,681,0
10207,darmanitan-standard-galarian,555,1.7,120,168,682,0
10208,darmanitan-zen-galarian,555,1.7,120,189,683,0
556,maractus,556,10,280,161,684,1
557,dwebble,557,3,145,65,685,1
558,crustle,558,14,2000,170,686,1
559,scraggy,559,6,118,70,687,1
560,scrafty,560,11,300,171,688,1
561,sigilyph,561,14,140,172,689,1
562,yamask,562,5,15,61,690,1
10209,yamask-galarian,562,5,15,61,691,0
563,cofagrigus,563,17,765,169,692,1
564,tirtouga,564,7,165,71,693,1
565,carracosta,565,12,810,173,694,1
566,archen,566,5,95,71,695,1
567,archeops,567,14,320,177,696,1
568,trubbish,568,6,310,66,697,1
569,garbodor,569,19,1073,166,698,1
10170,garbordor-gigantamax,569,210,-1,166,699,0
570,zorua,570,7,125,66,700,1
571,zoroark,571,16,811,179,701,1
572,minccino,572,4,58,60,702,1
573,cinccino,573,5,75,165,703,1
574,gothita,574,4,58,58,704,1
575,gothorita,575,7,180,137,705,1
576,gothitelle,576,15,440,221,706,1
577,solosis,577,3,10,58,707,1
578,duosion,578,6,80,130,708,1
579,reuniclus,579,10,201,221,709,1
580,ducklett,580,5,55,61,710,1
581,swanna,581,13,242,166,711,1
582,vanillite,582,4,57,61,712,1
583,vanillish,583,11,410,138,713,1
584,vanilluxe,584,13,575,241,714,1
585,deerling,585,6,195,67,715,1
586,sawsbuck,586,19,925,166,716,1
587,emolga,587,4,50,150,717,1
588,karrablast,588,5,59,63,718,1
589,escavalier,589,10,330,173,719,1
590,foongus,590,2,10,59,720,1
591,amoonguss,591,6,105,162,721,1
592,frillish,592,12,330,67,722,1
593,jellicent,593,22,1350,168,723,1
594,alomomola,594,12,316,165,724,1
595,joltik,595,1,6,64,725,1
596,galvantula,596,8,143,165,726,1
597,ferroseed,597,6,188,61,727,1
598,ferrothorn,598,10,1100,171,728,1
599,klink,599,3,210,60,729,1
600,klang,600,6,510,154,730,1
601,klinklang,601,6,810,234,731,1
602,tynamo,602,2,3,55,732,1
603,eelektrik,603,12,220,142,733,1
604,eelektross,604,21,805,232,734,1
605,elgyem,605,5,90,67,735,1
606,beheeyem,606,10,345,170,736,1
607,litwick,607,3,31,55,737,1
608,lampent,608,6,130,130,738,1
609,chandelure,609,10,343,234,739,1
610,axew,610,6,180,64,740,1
611,fraxure,611,10,360,144,741,1
612,haxorus,612,18,1055,243,742,1
613,cubchoo,613,5,85,61,743,1
614,beartic,614,26,2600,177,744,1
615,cryogonal,615,11,1480,180,745,1
616,shelmet,616,4,77,61,746,1
617,accelgor,617,8,253,173,747,1
618,stunfisk,618,7,110,165,748,1
10210,stunfisk-galarian,618,7,205,165,749,0
619,mienfoo,619,9,200,70,750,1
620,mienshao,620,14,355,179,751,1
621,druddigon,621,16,1390,170,752,1
622,golett,622,10,920,61,753,1
623,golurk,623,28,3300,169,754,1
624,pawniard,624,5,102,68,755,1
625,bisharp,625,16,700,172,756,1
626,bouffalant,626,16,946,172,757,1
627,rufflet,627,5,105,70,758,1
628,braviary,628,15,410,179,759,1
629,vullaby,629,5,90,74,760,1
630,mandibuzz,630,12,395,179,761,1
631,heatmor,631,14,580,169,762,1
632,durant,632,3,330,169,763,1
633,deino,633,8,173,60,764,1
634,zweilous,634,14,500,147,765,1
635,hydreigon,635,18,1600,270,766,1
636,larvesta,636,11,288,72,767,1
637,volcarona,637,16,460,248,768,1
638,cobalion,638,21,2500,261,769,1
639,terrakion,639,19,2600,261,770,1
640,virizion,640,20,2000,261,771,1
641,tornadus-incarnate,641,15,630,261,772,1
10019,tornadus-therian,641,14,630,261,773,0
642,thundurus-incarnate,642,15,610,261,774,1
10020,thundurus-therian,642,30,610,261,775,0
643,reshiram,643,32,3300,306,776,1
644,zekrom,644,29,3450,306,777,1
645,landorus-incarnate,645,15,680,270,778,1
10021,landorus-therian,645,13,680,270,779,0
646,kyurem,646,30,3250,297,780,1
10022,kyurem-black,646,33,3250,315,781,0
10023,kyurem-white,646,36,3250,315,782,0
647,keldeo-ordinary,647,14,485,261,783,1
10024,keldeo-resolute,647,14,485,261,784,0
648,meloetta-aria,648,6,65,270,785,1
10018,meloetta-pirouette,648,6,65,270,786,0
649,genesect,649,15,825,270,787,1
650,chespin,650,4,90,63,788,1
651,quilladin,651,7,290,142,789,1
652,chesnaught,652,16,900,239,790,1
653,fennekin,653,4,94,61,791,1
654,braixen,654,10,145,143,792,1
655,delphox,655,15,390,240,793,1
656,froakie,656,3,70,63,794,1
657,frogadier,657,6,109,142,795,1
658,greninja,658,15,400,239,796,1
10116,greninja-battle-bond,658,15,400,239,797,0
10117,greninja-ash,658,15,400,288,798,0
659,bunnelby,659,4,50,47,799,1
660,diggersby,660,10,424,148,800,1
661,fletchling,661,3,17,56,801,1
662,fletchinder,662,7,160,134,802,1
663,talonflame,663,12,245,175,803,1
664,scatterbug,664,3,25,40,804,1
665,spewpa,665,3,84,75,805,1
666,vivillon,666,12,170,185,806,1
667,litleo,667,6,135,74,807,1
668,pyroar,668,15,815,177,808,1
669,flabebe,669,1,1,61,809,1
670,floette,670,2,9,130,810,1
10061,floette-eternal,670,2,9,243,811,0
671,florges,671,11,100,248,812,1
672,skiddo,672,9,310,70,813,1
673,gogoat,673,17,910,186,814,1
674,pancham,674,6,80,70,815,1
675,pangoro,675,21,1360,173,816,1
676,furfrou,676,12,280,165,817,1
677,espurr,677,3,35,71,818,1
678,meowstic-male,678,6,85,163,819,1
10025,meowstic-female,678,6,85,163,820,0
679,honedge,679,8,20,65,821,1
680,doublade,680,8,45,157,822,1
681,aegislash-shield,681,17,530,234,823,1
10026,aegislash-blade,681,17,530,234,824,0
682,spritzee,682,2,5,68,825,1
683,aromatisse,683,8,155,162,826,1
684,swirlix,684,4,35,68,827,1
685,slurpuff,685,8,50,168,828,1
686,inkay,686,4,35,58,829,1
687,malamar,687,15,470,169,830,1
688,binacle,688,5,310,61,831,1
689,barbaracle,689,13,960,175,832,1
690,skrelp,690,5,73,64,833,1
691,dragalge,691,18,815,173,834,1
692,clauncher,692,5,83,66,835,1
693,clawitzer,693,13,353,100,836,1
694,helioptile,694,5,60,58,837,1
695,heliolisk,695,10,210,168,838,1
696,tyrunt,696,8,260,72,839,1
697,tyrantrum,697,25,2700,182,840,1
698,amaura,698,13,252,72,841,1
699,aurorus,699,27,2250,104,842,1
700,sylveon,700,10,235,184,843,1
701,hawlucha,701,8,215,175,844,1
702,dedenne,702,2,22,151,845,1
703,carbink,703,3,57,100,846,1
704,goomy,704,3,28,60,847,1
705,sliggoo,705,8,175,158,848,1
706,goodra,706,20,1505,270,849,1
707,klefki,707,2,30,165,850,1
708,phantump,708,4,70,62,851,1
709,trevenant,709,15,710,166,852,1
710,pumpkaboo-average,710,4,50,67,853,1
10027,pumpkaboo-small,710,3,35,67,854,0
10028,pumpkaboo-large,710,5,75,67,855,0
10029,pumpkaboo-super,710,8,150,67,856,0
711,gourgeist-average,711,9,125,173,857,1
10030,gourgeist-small,711,7,95,173,858,0
10031,gourgeist-large,711,11,140,173,859,0
10032,gourgeist-super,711,17,390,173,860,0
712,bergmite,712,10,995,61,861,1
713,avalugg,713,20,5050,180,862,1
714,noibat,714,5,80,49,863,1
715,noivern,715,15,850,187,864,1
716,xerneas,716,30,2150,306,865,1
717,yveltal,717,58,2030,306,866,1
718,zygarde,718,50,3050,270,867,1
10118,zygarde-10,718,12,335,219,868,0
10119,zygarde-50,718,50,3050,270,869,0
10120,zygarde-complete,718,45,6100,319,870,0
719,diancie,719,7,88,270,871,1
10075,diancie-mega,719,11,278,315,872,0
720,hoopa,720,5,90,270,873,1
10086,hoopa-unbound,720,65,4900,306,874,0
721,volcanion,721,17,1950,270,875,1
722,rowlet,722,3,15,64,876,1
723,dartrix,723,7,160,147,877,1
724,decidueye,724,16,366,239,878,1
725,litten,725,4,43,64,879,1
726,torracat,726,7,250,147,880,1
727,incineroar,727,18,830,239,881,1
728,popplio,728,4,75,64,882,1
729,brionne,729,6,175,147,883,1
730,primarina,730,18,440,239,884,1
731,pikipek,731,3,12,53,885,1
732,trumbeak,732,6,148,124,886,1
733,toucannon,733,11,260,218,887,1
734,yungoos,734,4,60,51,888,1
735,gumshoos,735,7,142,146,889,1
10121,gumshoos-totem,735,14,600,146,890,0
736,grubbin,736,4,44,60,891,1
737,charjabug,737,5,105,140,892,1
738,vikavolt,738,15,450,225,893,1
10122,vikavolt-totem,738,26,1475,225,894,0
739,crabrawler,739,6,70,68,895,1
740,crabominable,740,17,1800,167,896,1
741,oricorio-baile,741,6,34,167,897,1
10123,oricorio-pom-pom,741,6,34,167,898,0
10124,oricorio-pau,741,6,34,167,899,0
10125,oricorio-sensu,741,6,34,167,900,0
742,cutiefly,742,1,2,61,901,1
743,ribombee,743,2,5,162,902,1
10150,ribombee-totem,743,4,20,162,903,0
744,rockruff,744,5,92,56,904,1
10151,rockruff-own-tempo,744,5,92,56,905,0
745,lycanroc-midday,745,8,250,170,906,1
10126,lycanroc-midnight,745,11,250,170,907,0
10152,lycanroc-dusk,745,8,250,170,908,0
746,wishiwashi-solo,746,2,3,61,909,1
10127,wishiwashi-school,746,82,786,217,910,0
747,mareanie,747,4,80,61,911,1
748,toxapex,748,7,145,173,912,1
749,mudbray,749,10,1100,77,913,1
750,mudsdale,750,25,9200,175,914,1
751,dewpider,751,3,40,54,915,1
752,araquanid,752,18,820,159,916,1
10153,araquanid-totem,752,31,2175,159,917,0
753,fomantis,753,3,15,50,918,1
754,lurantis,754,9,185,168,919,1
10128,lurantis-totem,754,15,580,168,920,0
755,morelull,755,2,15,57,921,1
756,shiinotic,756,10,115,142,922,1
757,salandit,757,6,48,64,923,1
758,salazzle,758,12,222,168,924,1
10129,salazzle-totem,758,21,810,168,925,0
759,stufful,759,5,68,68,926,1
760,bewear,760,21,1350,175,927,1
761,bounsweet,761,3,32,42,928,1
762,steenee,762,7,82,102,929,1
763,tsareena,763,12,214,230,930,1
764,comfey,764,1,3,170,931,1
765,oranguru,765,15,760,172,932,1
766,passimian,766,20,828,172,933,1
767,wimpod,767,5,120,46,934,1
768,golisopod,768,20,1080,186,935,1
769,sandygast,769,5,700,64,936,1
770,palossand,770,13,2500,168,937,1
771,pyukumuku,771,3,12,144,938,1
772,type-null,772,19,1205,107,939,1
773,silvally,773,23,1005,257,940,1
774,minior-red-meteor,774,3,400,154,941,1
10130,minior-orange-meteor,774,3,400,154,942,0
10131,minior-yellow-meteor,774,3,400,154,943,0
10132,minior-green-meteor,774,3,400,154,944,0
10133,minior-blue-meteor,774,3,400,154,945,0
10134,minior-indigo-meteor,774,3,400,154,946,0
10135,minior-violet-meteor,774,3,400,154,947,0
10136,minior-red,774,3,3,175,948,0
10137,minior-orange,774,3,3,175,949,0
10138,minior-yellow,774,3,3,175,950,0
10139,minior-green,774,3,3,175,951,0
10140,minior-blue,774,3,3,175,952,0
10141,minior-indigo,774,3,3,175,953,0
10142,minior-violet,774,3,3,175,954,0
775,komala,775,4,199,168,955,1
776,turtonator,776,20,2120,170,956,1
777,togedemaru,777,3,33,152,957,1
10154,togedemaru-totem,777,6,130,152,958,0
778,mimikyu-disguised,778,2,7,167,959,1
10143,mimikyu-busted,778,2,7,167,960,0
10144,mimikyu-totem-disguised,778,4,28,167,961,0
10145,mimikyu-totem-busted,778,4,28,167,962,0
779,bruxish,779,9,190,166,963,1
780,drampa,780,30,1850,170,964,1
781,dhelmise,781,39,2100,181,965,1
782,jangmo-o,782,6,297,60,966,1
783,hakamo-o,783,12,470,147,967,1
784,kommo-o,784,16,782,270,968,1
10146,kommo-o-totem,784,24,2075,270,969,0
785,tapu-koko,785,18,205,257,970,1
786,tapu-lele,786,12,186,257,971,1
787,tapu-bulu,787,19,455,257,972,1
788,tapu-fini,788,13,212,257,973,1
789,cosmog,789,2,1,40,974,1
790,cosmoem,790,1,9999,140,975,1
791,solgaleo,791,34,2300,306,976,1
792,lunala,792,40,1200,306,977,1
793,nihilego,793,12,555,257,978,1
794,buzzwole,794,24,3336,257,979,1
795,pheromosa,795,18,250,257,980,1
796,xurkitree,796,38,1000,257,981,1
797,celesteela,797,92,9999,257,982,1
798,kartana,798,3,1,257,983,1
799,guzzlord,799,55,8880,257,984,1
800,necrozma,800,24,2300,270,985,1
10155,necrozma-dusk,800,38,4600,306,986,0
10156,necrozma-dawn,800,42,3500,306,987,0
10157,necrozma-ultra,800,75,2300,339,988,0
801,magearna,801,10,805,270,989,1
10147,magearna-original,801,10,805,270,990,0
802,marshadow,802,7,222,270,991,1
803,poipole,803,6,18,189,992,1
804,naganadel,804,36,1500,243,993,1
805,stakataka,805,55,8200,257,994,1
806,blacephalon,806,18,130,257,995,1
807,zeraora,807,15,445,270,996,1
808,meltan,808,8,80,135,997,1
809,melmetal,809,25,8000,270,998,1
10171,melmetal-gigantamax,809,250,-1,270,999,0
810,grookey ,810,3,50,62,1000,1
811,thwackey,811,7,140,147,1001,1
812,rillaboom,812,21,900,265,1002,1
10172,rillaboom-gigantamax,812,280,-1,265,1003,0
813,scorbunny ,813,3,45,62,1004,1
814,raboot ,814,6,90,147,1005,1
815,cinderace ,815,14,330,265,1006,1
10173,cinderace-gigantamax,815,270,-1,265,1007,0
816,sobble ,816,3,40,62,1008,1
817,drizzile ,817,7,115,147,1009,1
818,inteleon ,818,19,452,265,1010,1
10174,inteleon-gigantamax,818,400,-1,265,1011,0
819,skwovet ,819,3,25,55,1012,1
820,greedent ,820,6,60,161,1013,1
821,rookidee ,821,2,18,49,1014,1
822,corvisquire ,822,8,160,128,1015,1
823,corviknight ,823,22,750,248,1016,1
10175,corviknight-gigantamax,823,140,-1,248,1017,0
824,blipbug ,824,4,80,36,1018,1
825,dottler ,825,4,195,117,1019,1
826,orbeetle ,826,4,408,253,1020,1
10176,orbeetle-gigantamax,826,140,-1,253,1021,0
827,nickit ,827,6,89,49,1022,1
828,thievul ,828,12,199,159,1023,1
829,gossifleur ,829,4,22,50,1024,1
830,eldegoss ,830,5,25,161,1025,1
831,wooloo ,831,6,60,122,1026,1
832,dubwool ,832,13,430,172,1027,1
833,chewtle ,833,3,85,57,1028,1
834,drednaw ,834,10,1155,170,1029,1
10178,drednaw-gigantamax,834,240,-1,170,1030,0
835,yamper ,835,3,135,54,1031,1
836,boltund ,836,10,340,172,1032,1
837,rolycoly ,837,3,120,48,1033,1
838,carkol ,838,11,780,144,1034,1
839,coalossal ,839,28,3105,255,1035,1
10179,coalossal-gigantamax,839,420,-1,255,1036,0
840,applin ,840,2,5,52,1037,1
841,flapple ,841,3,10,170,1038,1
10180,flapple-gigantamax,841,240,-1,170,1039,0
842,appletun,842,4,130,170,1040,1
10181,appletun-gigantamax,842,240,-1,170,1041,0
843,silicobra ,843,22,76,63,1042,1
844,sandaconda,844,38,655,179,1043,1
10182,sandaconda-gigantamax,844,220,-1,179,1044,0
845,cramorant ,845,8,180,166,1045,1
10213,Cramorant-gulping,845,8,180,166,1046,0
10214,Cramorant-gorging,845,8,180,166,1047,0
846,arrokuda ,846,5,10,56,1048,1
847,barraskewda ,847,13,300,172,1049,1
848,toxel ,848,4,110,48,1050,1
849,Toxtricity-amped,849,16,400,176,1051,1
10183,toxtricity-gigantamax,849,240,-1,176,1052,0
10215,Toxtricity-low-key,849,16,400,176,1053,0
850,sizzlipede ,850,7,10,61,1054,1
851,centiskorch ,851,30,1200,184,1055,1
10184,centiskorch-gigantamax,851,750,-1,184,1056,0
852,clobbopus ,852,6,40,62,1057,1
853,grapploct ,853,16,390,168,1058,1
854,sinistea ,854,1,2,62,1059,1
855,polteageist ,855,2,4,178,1060,1
856,hatenna ,856,4,34,53,1061,1
857,hattrem ,857,6,48,130,1062,1
858,hatterene ,858,21,51,255,1063,1
10185,hatterene-gigantamax,858,260,-1,255,1064,0
859,impidimp ,859,4,55,53,1065,1
860,morgrem ,860,8,125,130,1066,1
861,grimmsnarl ,861,15,610,255,1067,1
10186,grimmsnarl-gigantamax,861,320,-1,255,1068,0
862,obstagoon,862,16,460,260,1069,1
863,perrserker,863,8,280,154,1070,1
864,cursola ,864,10,4,179,1071,1
865,sirfetchd ,865,8,1170,177,1072,1
866,mr-rime ,866,15,582,182,1073,1
867,runerigus,867,16,666,169,1074,1
868,milcery ,868,2,3,54,1075,1
869,alcremie ,869,3,5,173,1076,1
10187,alcremie-gigantamax,869,300,-1,173,1077,0
870,falinks ,870,30,620,165,1078,1
871,pincurchin ,871,3,10,152,1079,1
872,snom ,872,3,38,37,1080,1
873,frosmoth ,873,13,420,168,1081,1
874,stonjourner ,874,25,5200,165,1082,1
875,Eiscue-ice,875,14,890,165,1083,1
10216,Eiscue-noice,875,14,890,165,1084,0
876,indeedee,876,9,280,166,1085,1
877,Morpeko-full,877,3,30,153,1086,1
10217,Morpeko-hangry,877,3,30,153,1087,0
878,cufant ,878,12,1000,66,1088,1
879,copperajah ,879,30,6500,175,1089,1
10188,copperajah-gigantamax,879,230,-1,175,1090,0
880,dracozolt ,880,18,1900,177,1091,1
881,arctozolt ,881,23,1500,177,1092,1
882,dracovish ,882,23,2150,177,1093,1
883,arctovish ,883,20,1750,177,1094,1
884,duraludon ,884,18,400,187,1095,1
10189,duraludon-gigantamax,884,430,-1,187,1096,0
885,dreepy ,885,5,20,54,1097,1
886,drakloak ,886,14,110,144,1098,1
887,dragapult ,887,30,500,300,1099,1
888,zacian-hero,888,28,1100,335,1100,1
10211,zacian-crown,888,28,3550,335,1101,0
889,zamazenta-hero,889,29,2100,335,1102,1
10212,zamazenta-crown,889,29,7850,335,1103,0
890,eternatus,890,200,9500,345,1104,1
10218,Eternatus-eternamax,890,1000,-1,345,1105,0
10191,Urshifu-single-gigantamax,-1,290,-1,-1,1106,0
10192,urshifu-rapid-gigantamax,-1,260,-1,-1,1107,0
60000,Urshifu-single,-1,19,1050,-1,1108,1
60001,Urshifu-rapid,-1,19,1050,-1,1109,1
60002,kubfu,-1,6,120,-1,1110,1
60003,calyrex,-1,11,77,-1,1111,1
60004,zarude,-1,18,700,-1,1112,1
60004,regieleki,-1,12,1450,-1,1113,1
60005,regidrago,-1,21,2000,-1,1114,1
